genre,movie,top_50_rank
Animation,tt6718170,1
Animation,tt9362722,2
Animation,tt3915174,3
Animation,tt16428256,4
Animation,tt4633694,5
Animation,tt0398286,6
Animation,tt6467266,7
Animation,tt0097757,8
Animation,tt0110357,9
Animation,tt0245429,10
Animation,tt3521164,11
Animation,tt5311514,12
Animation,tt2953050,13
Animation,tt0317219,14
Animation,tt15789038,15
Animation,tt26537229,16
Animation,tt11304740,17
Animation,tt6105098,18
Animation,tt0382932,19
Animation,tt0317705,20
Animation,tt0114709,21
Animation,tt1482459,22
Animation,tt8589698,23
Animation,tt0347149,24
Animation,tt2096673,25
Animation,tt23177868,26
Animation,tt0432283,27
Animation,tt0126029,28
Animation,tt0266543,29
Animation,tt2380307,30
Animation,tt2294629,31
Animation,tt0198781,32
Animation,tt1488589,33
Animation,tt0120623,34
Animation,tt2948356,35
Animation,tt3470600,36
Animation,tt8115900,37
Animation,tt0481499,38
Animation,tt0327597,39
Animation,tt0910970,40
Animation,tt0120630,41
Animation,tt0441773,42
Animation,tt1049413,43
Animation,tt0119282,44
Animation,tt0892769,45
Animation,tt1490017,46
Animation,tt18259086,47
Animation,tt10298840,48
Animation,tt3606756,49
Animation,tt8097030,50
Comedy,tt6791350,1
Comedy,tt2906216,2
Comedy,tt7405458,3
Comedy,tt6718170,4
Comedy,tt11358390,5
Comedy,tt2015381,6
Comedy,tt5635026,7
Comedy,tt15326988,8
Comedy,tt3896198,9
Comedy,tt13521006,10
Comedy,tt9013340,11
Comedy,tt10954600,12
Comedy,tt21867434,13
Comedy,tt2049403,14
Comedy,tt9362722,15
Comedy,tt10276482,16
Comedy,tt9185206,17
Comedy,tt14209916,18
Comedy,tt7985704,19
Comedy,tt6710474,20
Comedy,tt1517268,21
Comedy,tt14472156,22
Comedy,tt20768712,23
Comedy,tt9764362,24
Comedy,tt1981677,25
Comedy,tt8672856,26
Comedy,tt6857166,27
Comedy,tt10151854,28
Comedy,tt12593682,29
Comedy,tt10640346,30
Comedy,tt13923456,31
Comedy,tt6334354,32
Comedy,tt0094721,33
Comedy,tt7322224,34
Comedy,tt14230388,35
Comedy,tt3915174,36
Comedy,tt10648342,37
Comedy,tt14109724,38
Comedy,tt0069704,39
Comedy,tt11813216,40
Comedy,tt15339570,41
Comedy,tt11291274,42
Comedy,tt0993846,43
Comedy,tt11564570,44
Comedy,tt0099938,45
Comedy,tt11040844,46
Comedy,tt7131622,47
Comedy,tt1135985,48
Comedy,tt4633694,49
Comedy,tt0387808,50
Romance,tt5971474,1
Romance,tt5635026,2
Romance,tt15326988,3
Romance,tt14230458,4
Romance,tt10276482,5
Romance,tt2316548,6
Romance,tt1517268,7
Romance,tt1981677,8
Romance,tt8672856,9
Romance,tt6857166,10
Romance,tt3774694,11
Romance,tt14230388,12
Romance,tt10648342,13
Romance,tt14109724,14
Romance,tt0316396,15
Romance,tt0120338,16
Romance,tt9411972,17
Romance,tt0414387,18
Romance,tt2322441,19
Romance,tt1135985,20
Romance,tt15255288,21
Romance,tt0198021,22
Romance,tt0372532,23
Romance,tt0119217,24
Romance,tt0109830,25
Romance,tt1099212,26
Romance,tt3679040,27
Romance,tt4126476,28
Romance,tt8847712,29
Romance,tt21103300,30
Romance,tt0068284,31
Romance,tt1655441,32
Romance,tt1655389,33
Romance,tt0093779,34
Romance,tt0398286,35
Romance,tt4080728,36
Romance,tt20115096,37
Romance,tt5726616,38
Romance,tt1798709,39
Romance,tt0338013,40
Romance,tt0097757,41
Romance,tt0332280,42
Romance,tt0962736,43
Romance,tt10168670,44
Romance,tt3464902,45
Romance,tt0309987,46
Romance,tt10886166,47
Romance,tt0119558,48
Romance,tt0421715,49
Romance,tt9198364,50
Sport,tt16419074,1
Sport,tt4495098,2
Sport,tt15339570,3
Sport,tt11145118,4
Sport,tt18079362,5
Sport,tt6436620,6
Sport,tt1950186,7
Sport,tt0104694,8
Sport,tt2365971,9
Sport,tt0317219,10
Sport,tt12226632,11
Sport,tt0097815,12
Sport,tt0080487,13
Sport,tt1210166,14
Sport,tt0091217,15
Sport,tt0075148,16
Sport,tt0364725,17
Sport,tt0087538,18
Sport,tt0116483,19
Sport,tt0105812,20
Sport,tt0210945,21
Sport,tt4622682,22
Sport,tt0204946,23
Sport,tt8009428,24
Sport,tt0116695,25
Sport,tt0393162,26
Sport,tt0108037,27
Sport,tt2058673,28
Sport,tt0878804,29
Sport,tt1291584,30
Sport,tt0405159,31
Sport,tt1979320,32
Sport,tt1028576,33
Sport,tt3076658,34
Sport,tt0081398,35
Sport,tt12965390,36
Sport,tt0437863,37
Sport,tt0454945,38
Sport,tt0385705,39
Sport,tt1155076,40
Sport,tt0415306,41
Sport,tt6343314,42
Sport,tt2223990,43
Sport,tt8544498,44
Sport,tt0120484,45
Sport,tt8417168,46
Sport,tt5533370,47
Sport,tt6513120,48
Sport,tt1809398,49
Sport,tt0385002,50
News,tt22644112,1
News,tt21048424,2
News,tt13692932,3
News,tt26237990,4
News,tt26474880,5
News,tt1060234,6
News,tt2183864,7
News,tt8211964,8
News,tt0764869,9
News,tt27731385,10
News,tt0027116,11
News,tt21879774,12
News,tt2561022,13
News,tt15579134,14
News,tt2613168,15
News,tt14133132,16
News,tt20901260,17
News,tt0168772,18
News,tt13416348,19
News,tt4543548,20
News,tt3637826,21
News,tt2097994,22
News,tt9673226,23
News,tt10538532,24
News,tt25435110,25
News,tt22021004,26
News,tt4149460,27
News,tt5143702,28
News,tt1520407,29
News,tt10097482,30
News,tt2649660,31
News,tt2590026,32
News,tt2896018,33
News,tt5328118,34
News,tt5368732,35
News,tt4458138,36
News,tt5753798,37
News,tt2559950,38
News,tt3421108,39
News,tt1196181,40
News,tt11846382,41
News,tt4662960,42
News,tt24018304,43
News,tt4971710,44
News,tt8611778,45
News,tt12622858,46
News,tt10097464,47
News,tt23025386,48
News,tt12552184,49
News,tt14590688,50
Drama,tt15398776,1
Drama,tt7405458,2
Drama,tt16419074,3
Drama,tt15239678,4
Drama,tt24268454,5
Drama,tt13521006,6
Drama,tt21867434,7
Drama,tt1160419,8
Drama,tt10276482,9
Drama,tt0113277,10
Drama,tt9185206,11
Drama,tt6528290,12
Drama,tt0111161,13
Drama,tt2316548,14
Drama,tt10545296,15
Drama,tt8105234,16
Drama,tt14472156,17
Drama,tt1745960,18
Drama,tt5264838,19
Drama,tt0068646,20
Drama,tt6857166,21
Drama,tt5537002,22
Drama,tt13833688,23
Drama,tt10640346,24
Drama,tt15767808,25
Drama,tt12758060,26
Drama,tt8772262,27
Drama,tt0816692,28
Drama,tt14557188,29
Drama,tt12261776,30
Drama,tt7322224,31
Drama,tt3774694,32
Drama,tt1877830,33
Drama,tt4154796,34
Drama,tt0069704,35
Drama,tt0468569,36
Drama,tt0110912,37
Drama,tt11813216,38
Drama,tt1856101,39
Drama,tt18925334,40
Drama,tt0092099,41
Drama,tt0120338,42
Drama,tt4495098,43
Drama,tt2378507,44
Drama,tt9411972,45
Drama,tt0414387,46
Drama,tt14153080,47
Drama,tt15339570,48
Drama,tt9114286,49
Drama,tt1907668,50
Fantasy,tt2906216,1
Fantasy,tt6718170,2
Fantasy,tt5971474,3
Fantasy,tt11358390,4
Fantasy,tt5635026,5
Fantasy,tt0439572,6
Fantasy,tt2049403,7
Fantasy,tt9362722,8
Fantasy,tt1630029,9
Fantasy,tt6528290,10
Fantasy,tt6710474,11
Fantasy,tt1517268,12
Fantasy,tt10151854,13
Fantasy,tt0094721,14
Fantasy,tt10648342,15
Fantasy,tt10872600,16
Fantasy,tt0316396,17
Fantasy,tt0241527,18
Fantasy,tt16428256,19
Fantasy,tt0082198,20
Fantasy,tt0120689,21
Fantasy,tt0076759,22
Fantasy,tt0120737,23
Fantasy,tt4633694,24
Fantasy,tt0120915,25
Fantasy,tt2527338,26
Fantasy,tt0117008,27
Fantasy,tt0102057,28
Fantasy,tt0086190,29
Fantasy,tt11138512,30
Fantasy,tt6166392,31
Fantasy,tt0499549,32
Fantasy,tt3040964,33
Fantasy,tt9419884,34
Fantasy,tt1099212,35
Fantasy,tt9032400,36
Fantasy,tt6443346,37
Fantasy,tt0108255,38
Fantasy,tt0068284,39
Fantasy,tt1655441,40
Fantasy,tt0325980,41
Fantasy,tt0121766,42
Fantasy,tt0093779,43
Fantasy,tt0398286,44
Fantasy,tt0120616,45
Fantasy,tt10676048,46
Fantasy,tt1964418,47
Fantasy,tt0097757,48
Fantasy,tt0167260,49
Fantasy,tt0080684,50
Horror,tt13345606,1
Horror,tt9224104,2
Horror,tt13375076,3
Horror,tt11358390,4
Horror,tt17663992,5
Horror,tt13521006,6
Horror,tt2049403,7
Horror,tt13560574,8
Horror,tt4779682,9
Horror,tt14537248,10
Horror,tt1288558,11
Horror,tt9764362,12
Horror,tt15679400,13
Horror,tt11245972,14
Horror,tt4589218,15
Horror,tt8772262,16
Horror,tt14557188,17
Horror,tt0083907,18
Horror,tt8760708,19
Horror,tt10954984,20
Horror,tt18925334,21
Horror,tt19623240,22
Horror,tt10365998,23
Horror,tt0363547,24
Horror,tt0117571,25
Horror,tt15474916,26
Horror,tt17219484,27
Horror,tt0144084,28
Horror,tt15791034,29
Horror,tt3605418,30
Horror,tt7784604,31
Horror,tt10279472,32
Horror,tt5886046,33
Horror,tt9844522,34
Horror,tt1131734,35
Horror,tt10919380,36
Horror,tt1262416,37
Horror,tt10403420,38
Horror,tt5052448,39
Horror,tt9419884,40
Horror,tt1396484,41
Horror,tt0078748,42
Horror,tt8110652,43
Horror,tt14138650,44
Horror,tt0092991,45
Horror,tt0068284,46
Horror,tt0081505,47
Horror,tt1273235,48
Horror,tt0070047,49
Horror,tt14687418,50
Biography,tt15398776,1
Biography,tt21867434,2
Biography,tt8105234,3
Biography,tt12758060,4
Biography,tt5688068,5
Biography,tt2378507,6
Biography,tt0993846,7
Biography,tt0099685,8
Biography,tt0108358,9
Biography,tt0108052,10
Biography,tt0765429,11
Biography,tt12193804,12
Biography,tt2119532,13
Biography,tt3704428,14
Biography,tt1655389,15
Biography,tt1950186,16
Biography,tt13258918,17
Biography,tt1485796,18
Biography,tt0962736,19
Biography,tt0172493,20
Biography,tt0054331,21
Biography,tt2365971,22
Biography,tt1302006,23
Biography,tt17277414,24
Biography,tt13287846,25
Biography,tt0264464,26
Biography,tt0268978,27
Biography,tt0112573,28
Biography,tt12226632,29
Biography,tt0253474,30
Biography,tt6966692,31
Biography,tt5083738,32
Biography,tt1210166,33
Biography,tt1596363,34
Biography,tt8503618,35
Biography,tt4846340,36
Biography,tt1895587,37
Biography,tt7984766,38
Biography,tt2179136,39
Biography,tt4273800,40
Biography,tt1727824,41
Biography,tt14295590,42
Biography,tt1285016,43
Biography,tt1675434,44
Biography,tt0758758,45
Biography,tt0056937,46
Biography,tt1504320,47
Biography,tt1024648,48
Biography,tt0086197,49
Biography,tt7599146,50
Music,tt1981677,1
Music,tt2582802,2
Music,tt14444726,3
Music,tt12193804,4
Music,tt3704428,5
Music,tt0181875,6
Music,tt10366460,7
Music,tt2848292,8
Music,tt0332379,9
Music,tt3783958,10
Music,tt8580274,11
Music,tt0253474,12
Music,tt6966692,13
Music,tt17076046,14
Music,tt3890160,15
Music,tt1727824,16
Music,tt2380307,17
Music,tt4765284,18
Music,tt0087277,19
Music,tt5535276,20
Music,tt12758486,21
Music,tt1517451,22
Music,tt0322330,23
Music,tt11976532,24
Music,tt0086879,25
Music,tt0092890,26
Music,tt0088258,27
Music,tt1436562,28
Music,tt2066051,29
Music,tt0298203,30
Music,tt0200550,31
Music,tt0411705,32
Music,tt2948372,33
Music,tt1679335,34
Music,tt4614584,35
Music,tt8359848,36
Music,tt0190590,37
Music,tt1126591,38
Music,tt0105793,39
Music,tt0053291,40
Music,tt0080455,41
Music,tt0108147,42
Music,tt0076666,43
Music,tt0112950,44
Music,tt0358273,45
Music,tt4062536,46
Music,tt0254686,47
Music,tt1086064,48
Music,tt8079248,49
Music,tt0103855,50
War,tt4873118,1
War,tt14846026,2
War,tt10545296,3
War,tt3291150,4
War,tt8579674,5
War,tt0265086,6
War,tt1016150,7
War,tt0361748,8
War,tt3739110,9
War,tt2119532,10
War,tt0078788,11
War,tt0120815,12
War,tt5013056,13
War,tt1790885,14
War,tt0091251,15
War,tt0054331,16
War,tt0213847,17
War,tt4172430,18
War,tt0093058,19
War,tt13287846,20
War,tt0213149,21
War,tt2584384,22
War,tt0112573,23
War,tt0253474,24
War,tt2713180,25
War,tt7984766,26
War,tt1413492,27
War,tt2179136,28
War,tt0783233,29
War,tt0091763,30
War,tt0887912,31
War,tt0942385,32
War,tt0993840,33
War,tt0118799,34
War,tt0110322,35
War,tt0389557,36
War,tt0034583,37
War,tt0320661,38
War,tt0363163,39
War,tt0457430,40
War,tt0451279,41
War,tt2084970,42
War,tt2005151,43
War,tt0104691,44
War,tt0311113,45
War,tt0031381,46
War,tt6924650,47
War,tt5177120,48
War,tt0077416,49
War,tt7693316,50
Crime,tt10366206,1
Crime,tt5433140,2
Crime,tt27197387,3
Crime,tt0113277,4
Crime,tt0068646,5
Crime,tt5537002,6
Crime,tt10151854,7
Crime,tt13269536,8
Crime,tt13923456,9
Crime,tt1877830,10
Crime,tt2911666,11
Crime,tt5688068,12
Crime,tt0468569,13
Crime,tt0110912,14
Crime,tt5433138,15
Crime,tt10365998,16
Crime,tt7888964,17
Crime,tt11291274,18
Crime,tt0993846,19
Crime,tt11564570,20
Crime,tt0110413,21
Crime,tt0099938,22
Crime,tt0120689,23
Crime,tt0144084,24
Crime,tt0407887,25
Crime,tt3605418,26
Crime,tt0099685,27
Crime,tt11315808,28
Crime,tt15255288,29
Crime,tt0117913,30
Crime,tt0232500,31
Crime,tt1392214,32
Crime,tt10696896,33
Crime,tt0114369,34
Crime,tt8367814,35
Crime,tt0181865,36
Crime,tt2278388,37
Crime,tt25602750,38
Crime,tt7286456,39
Crime,tt10275534,40
Crime,tt3155298,41
Crime,tt8009314,42
Crime,tt0102926,43
Crime,tt4425200,44
Crime,tt0765429,45
Crime,tt6146586,46
Crime,tt0075314,47
Crime,tt0086066,48
Crime,tt0071562,49
Crime,tt1723121,50
Western,tt5537002,1
Western,tt0108358,2
Western,tt1853728,3
Western,tt2404435,4
Western,tt21440780,5
Western,tt0060196,6
Western,tt5362988,7
Western,tt3460252,8
Western,tt0090022,9
Western,tt8593824,10
Western,tt2582782,11
Western,tt0099348,12
Western,tt0105695,13
Western,tt1663202,14
Western,tt6412452,15
Western,tt0110322,16
Western,tt10293406,17
Western,tt2494362,18
Western,tt0054047,19
Western,tt0064116,20
Western,tt0071230,21
Western,tt0381849,22
Western,tt0114214,23
Western,tt0112851,24
Western,tt0111756,25
Western,tt10696784,26
Western,tt1403865,27
Western,tt0096487,28
Western,tt0058461,29
Western,tt5478478,30
Western,tt1549920,31
Western,tt9340860,32
Western,tt0059578,33
Western,tt0040897,34
Western,tt0102744,35
Western,tt0316356,36
Western,tt6878306,37
Western,tt0092086,38
Western,tt1648190,39
Western,tt2076822,40
Western,tt1192628,41
Western,tt0075029,42
Western,tt0120746,43
Western,tt0068762,44
Western,tt0064115,45
Western,tt0099088,46
Western,tt21094994,47
Western,tt0068699,48
Western,tt17505010,49
Western,tt0053221,50
Family,tt6718170,1
Family,tt5971474,2
Family,tt5635026,3
Family,tt9362722,4
Family,tt9185206,5
Family,tt5264838,6
Family,tt3915174,7
Family,tt0316396,8
Family,tt0241527,9
Family,tt4633694,10
Family,tt0089218,11
Family,tt0117008,12
Family,tt0102057,13
Family,tt6166392,14
Family,tt3040964,15
Family,tt0108255,16
Family,tt0093779,17
Family,tt0398286,18
Family,tt6467266,19
Family,tt1964418,20
Family,tt0097757,21
Family,tt0110357,22
Family,tt0245429,23
Family,tt3521164,24
Family,tt2543472,25
Family,tt2953050,26
Family,tt0317219,27
Family,tt15789038,28
Family,tt0067992,29
Family,tt11304740,30
Family,tt6105098,31
Family,tt1695843,32
Family,tt0382932,33
Family,tt0330373,34
Family,tt23219684,35
Family,tt0363771,36
Family,tt1201607,37
Family,tt5884052,38
Family,tt0032138,39
Family,tt2771200,40
Family,tt0317705,41
Family,tt0367594,42
Family,tt11210390,43
Family,tt0304141,44
Family,tt0114709,45
Family,tt1482459,46
Family,tt8589698,47
Family,tt6139732,48
Family,tt0347149,49
Family,tt7798604,50
Adventure,tt6791350,1
Adventure,tt2906216,2
Adventure,tt6718170,3
Adventure,tt5971474,4
Adventure,tt9224104,5
Adventure,tt15239678,6
Adventure,tt2015381,7
Adventure,tt5635026,8
Adventure,tt15326988,9
Adventure,tt3896198,10
Adventure,tt5433140,11
Adventure,tt0439572,12
Adventure,tt10954600,13
Adventure,tt9362722,14
Adventure,tt1160419,15
Adventure,tt1630029,16
Adventure,tt5090568,17
Adventure,tt6528290,18
Adventure,tt10545296,19
Adventure,tt6710474,20
Adventure,tt1517268,21
Adventure,tt5264838,22
Adventure,tt10151854,23
Adventure,tt6334354,24
Adventure,tt0816692,25
Adventure,tt12261776,26
Adventure,tt3291150,27
Adventure,tt1462764,28
Adventure,tt3915174,29
Adventure,tt4154796,30
Adventure,tt10648342,31
Adventure,tt10872600,32
Adventure,tt0316396,33
Adventure,tt1375666,34
Adventure,tt0241527,35
Adventure,tt16428256,36
Adventure,tt0082198,37
Adventure,tt4495098,38
Adventure,tt1392170,39
Adventure,tt9114286,40
Adventure,tt9603212,41
Adventure,tt0076759,42
Adventure,tt0120737,43
Adventure,tt4633694,44
Adventure,tt4154756,45
Adventure,tt0387808,46
Adventure,tt0172495,47
Adventure,tt5884796,48
Adventure,tt2802144,49
Adventure,tt0089218,50
Action,tt6791350,1
Action,tt2906216,2
Action,tt4873118,3
Action,tt6968614,4
Action,tt9224104,5
Action,tt15239678,6
Action,tt2015381,7
Action,tt5635026,8
Action,tt15326988,9
Action,tt10366206,10
Action,tt3896198,11
Action,tt5433140,12
Action,tt27197387,13
Action,tt14846026,14
Action,tt0439572,15
Action,tt10954600,16
Action,tt9362722,17
Action,tt1160419,18
Action,tt1630029,19
Action,tt0113277,20
Action,tt5090568,21
Action,tt4779682,22
Action,tt6528290,23
Action,tt7985704,24
Action,tt10545296,25
Action,tt6710474,26
Action,tt8080204,27
Action,tt1745960,28
Action,tt10151854,29
Action,tt12593682,30
Action,tt13923456,31
Action,tt6334354,32
Action,tt15767808,33
Action,tt8019518,34
Action,tt12261776,35
Action,tt3291150,36
Action,tt1462764,37
Action,tt1877830,38
Action,tt4154796,39
Action,tt2911666,40
Action,tt10648342,41
Action,tt10872600,42
Action,tt5688068,43
Action,tt0468569,44
Action,tt1375666,45
Action,tt5433138,46
Action,tt1856101,47
Action,tt16428256,48
Action,tt0082198,49
Action,tt0092099,50
History,tt15398776,1
History,tt24268454,2
History,tt21867434,3
History,tt8105234,4
History,tt5537002,5
History,tt10640346,6
History,tt15767808,7
History,tt12758060,8
History,tt0265086,9
History,tt0108358,10
History,tt10304142,11
History,tt0108052,12
History,tt11138512,13
History,tt2119532,14
History,tt12672536,15
History,tt0962736,16
History,tt2560078,17
History,tt5013056,18
History,tt1790885,19
History,tt0054331,20
History,tt8093700,21
History,tt17277414,22
History,tt4172430,23
History,tt13287846,24
History,tt0213149,25
History,tt0112573,26
History,tt5083738,27
History,tt1596363,28
History,tt8503618,29
History,tt4846340,30
History,tt7984766,31
History,tt1413492,32
History,tt0080491,33
History,tt4244994,34
History,tt4572514,35
History,tt0056937,36
History,tt1504320,37
History,tt0320661,38
History,tt0112384,39
History,tt0086197,40
History,tt7599146,41
History,tt0363163,42
History,tt12758486,43
History,tt6924650,44
History,tt0053946,45
History,tt14807308,46
History,tt1014763,47
History,tt1028576,48
History,tt0187393,49
History,tt6048922,50
Mystery,tt17663992,1
Mystery,tt5433140,2
Mystery,tt13560574,3
Mystery,tt8080204,4
Mystery,tt15679400,5
Mystery,tt5537002,6
Mystery,tt11245972,7
Mystery,tt20859464,8
Mystery,tt8772262,9
Mystery,tt14557188,10
Mystery,tt10954984,11
Mystery,tt1856101,12
Mystery,tt9411972,13
Mystery,tt10365998,14
Mystery,tt11564570,15
Mystery,tt0117571,16
Mystery,tt15474916,17
Mystery,tt0120689,18
Mystery,tt15791034,19
Mystery,tt7784604,20
Mystery,tt15255288,21
Mystery,tt1392214,22
Mystery,tt10304142,23
Mystery,tt0114369,24
Mystery,tt5886046,25
Mystery,tt9844522,26
Mystery,tt10275534,27
Mystery,tt1262416,28
Mystery,tt3155298,29
Mystery,tt5052448,30
Mystery,tt8946378,31
Mystery,tt0364569,32
Mystery,tt14138650,33
Mystery,tt7638348,34
Mystery,tt2935510,35
Mystery,tt10855768,36
Mystery,tt0482571,37
Mystery,tt21087452,38
Mystery,tt1130884,39
Mystery,tt10016180,40
Mystery,tt10272386,41
Mystery,tt0073195,42
Mystery,tt0078788,43
Mystery,tt1273235,44
Mystery,tt0120663,45
Mystery,tt6079516,46
Mystery,tt2267998,47
Mystery,tt7752126,48
Mystery,tt1964418,49
Mystery,tt2543164,50
Sci-Fi,tt6791350,1
Sci-Fi,tt9224104,2
Sci-Fi,tt15239678,3
Sci-Fi,tt2015381,4
Sci-Fi,tt3896198,5
Sci-Fi,tt13130024,6
Sci-Fi,tt0439572,7
Sci-Fi,tt14230458,8
Sci-Fi,tt10954600,9
Sci-Fi,tt9362722,10
Sci-Fi,tt1160419,11
Sci-Fi,tt1630029,12
Sci-Fi,tt5090568,13
Sci-Fi,tt4779682,14
Sci-Fi,tt6528290,15
Sci-Fi,tt10545296,16
Sci-Fi,tt6710474,17
Sci-Fi,tt5264838,18
Sci-Fi,tt6334354,19
Sci-Fi,tt20859464,20
Sci-Fi,tt0816692,21
Sci-Fi,tt12261776,22
Sci-Fi,tt4154796,23
Sci-Fi,tt8760708,24
Sci-Fi,tt10954984,25
Sci-Fi,tt10648342,26
Sci-Fi,tt10872600,27
Sci-Fi,tt1375666,28
Sci-Fi,tt1856101,29
Sci-Fi,tt10365998,30
Sci-Fi,tt1392170,31
Sci-Fi,tt9114286,32
Sci-Fi,tt0076759,33
Sci-Fi,tt4633694,34
Sci-Fi,tt4154756,35
Sci-Fi,tt5153956,36
Sci-Fi,tt0387808,37
Sci-Fi,tt0120915,38
Sci-Fi,tt15978956,39
Sci-Fi,tt2527338,40
Sci-Fi,tt10279472,41
Sci-Fi,tt0120201,42
Sci-Fi,tt5886046,43
Sci-Fi,tt0088763,44
Sci-Fi,tt0107290,45
Sci-Fi,tt0087182,46
Sci-Fi,tt9844522,47
Sci-Fi,tt6723592,48
Sci-Fi,tt0145487,49
Sci-Fi,tt2250912,50
Musical,tt5971474,1
Musical,tt5635026,2
Musical,tt11315808,3
Musical,tt6166392,4
Musical,tt0398286,5
Musical,tt6467266,6
Musical,tt0097757,7
Musical,tt1485796,8
Musical,tt0110357,9
Musical,tt3521164,10
Musical,tt2953050,11
Musical,tt3783958,12
Musical,tt0067992,13
Musical,tt11304740,14
Musical,tt0077631,15
Musical,tt6105098,16
Musical,tt0795421,17
Musical,tt0032138,18
Musical,tt8503618,19
Musical,tt2771200,20
Musical,tt0367594,21
Musical,tt1482459,22
Musical,tt6139732,23
Musical,tt1707386,24
Musical,tt1262426,25
Musical,tt2294629,26
Musical,tt1488589,27
Musical,tt6208148,28
Musical,tt3470600,29
Musical,tt6412452,30
Musical,tt3581652,31
Musical,tt0091369,32
Musical,tt3447590,33
Musical,tt0045152,34
Musical,tt0203009,35
Musical,tt0119282,36
Musical,tt0073629,37
Musical,tt0107977,38
Musical,tt1436562,39
Musical,tt0408236,40
Musical,tt0059742,41
Musical,tt4593060,42
Musical,tt0103639,43
Musical,tt0120762,44
Musical,tt0055614,45
Musical,tt0058331,46
Musical,tt0046183,47
Musical,tt0293508,48
Musical,tt1679335,49
Musical,tt6911608,50
Thriller,tt4873118,1
Thriller,tt6968614,2
Thriller,tt9224104,3
Thriller,tt13375076,4
Thriller,tt10366206,5
Thriller,tt17663992,6
Thriller,tt5433140,7
Thriller,tt27197387,8
Thriller,tt13130024,9
Thriller,tt13560574,10
Thriller,tt4779682,11
Thriller,tt14537248,12
Thriller,tt14209916,13
Thriller,tt7985704,14
Thriller,tt10545296,15
Thriller,tt8080204,16
Thriller,tt9764362,17
Thriller,tt15679400,18
Thriller,tt5537002,19
Thriller,tt10151854,20
Thriller,tt12593682,21
Thriller,tt13269536,22
Thriller,tt11245972,23
Thriller,tt15325794,24
Thriller,tt20859464,25
Thriller,tt8019518,26
Thriller,tt12758060,27
Thriller,tt8772262,28
Thriller,tt14557188,29
Thriller,tt12261776,30
Thriller,tt3291150,31
Thriller,tt1877830,32
Thriller,tt8760708,33
Thriller,tt2911666,34
Thriller,tt10954984,35
Thriller,tt5688068,36
Thriller,tt0468569,37
Thriller,tt1375666,38
Thriller,tt5433138,39
Thriller,tt1856101,40
Thriller,tt18925334,41
Thriller,tt9411972,42
Thriller,tt10365998,43
Thriller,tt1392170,44
Thriller,tt1907668,45
Thriller,tt9603212,46
Thriller,tt7888964,47
Thriller,tt11291274,48
Thriller,tt11564570,49
Thriller,tt0110413,50
Film-Noir,tt0041368,1
Film-Noir,tt0045564,2
Film-Noir,tt0043014,3
Film-Noir,tt0035966,4
Film-Noir,tt0032701,5
Film-Noir,tt0033870,6
Film-Noir,tt0041959,7
Film-Noir,tt0036775,8
Film-Noir,tt0032976,9
Film-Noir,tt0037913,10
Film-Noir,tt0037382,11
Film-Noir,tt0049406,12
Film-Noir,tt0048424,13
Film-Noir,tt0040506,14
Film-Noir,tt0039689,15
Film-Noir,tt0044079,16
Film-Noir,tt0052311,17
Film-Noir,tt0051713,18
Film-Noir,tt0038787,19
Film-Noir,tt0041967,20
Film-Noir,tt0038355,21
Film-Noir,tt0041555,22
Film-Noir,tt0051036,23
Film-Noir,tt0033987,24
Film-Noir,tt0037008,25
Film-Noir,tt0023427,26
Film-Noir,tt0038109,27
Film-Noir,tt0036342,28
Film-Noir,tt0044040,29
Film-Noir,tt0038559,30
Film-Noir,tt0042593,31
Film-Noir,tt0037865,32
Film-Noir,tt0039302,33
Film-Noir,tt0039211,34
Film-Noir,tt0034248,35
Film-Noir,tt0046878,36
Film-Noir,tt0042208,37
Film-Noir,tt0046126,38
Film-Noir,tt0037884,39
Film-Noir,tt0037365,40
Film-Noir,tt0038669,41
Film-Noir,tt0051207,42
Film-Noir,tt0040525,43
Film-Noir,tt0043338,44
Film-Noir,tt0043516,45
Film-Noir,tt0043142,46
Film-Noir,tt0024188,47
Film-Noir,tt0039666,48
Film-Noir,tt0042046,49
Film-Noir,tt0042041,50
Talk-Show,tt4154754,1
Talk-Show,tt27454929,2
Talk-Show,tt12312374,3
Talk-Show,tt27627729,4
Talk-Show,tt8756820,5
Talk-Show,tt12402874,6
Talk-Show,tt27050308,7
Talk-Show,tt19394856,8
Talk-Show,tt27642577,9
Talk-Show,tt0379585,10
Talk-Show,tt8647102,11
Talk-Show,tt5230078,12
Talk-Show,tt4667230,13
Talk-Show,tt12874922,14
Talk-Show,tt13743524,15
Talk-Show,tt10981104,16
Talk-Show,tt21186274,17
Talk-Show,tt22334546,18
Talk-Show,tt8479352,19
Talk-Show,tt13918300,20
Talk-Show,tt14695704,21
Talk-Show,tt22353326,22
Talk-Show,tt14322202,23
Talk-Show,tt16992574,24
Talk-Show,tt14866920,25
Talk-Show,tt26705851,26
Talk-Show,tt8452782,27
Talk-Show,tt5662208,28
Talk-Show,tt12088784,29
Talk-Show,tt9673226,30
Talk-Show,tt10538532,31
Talk-Show,tt3828854,32
Talk-Show,tt8466108,33
Talk-Show,tt10246354,34
Talk-Show,tt12993324,35
Talk-Show,tt15427762,36
Talk-Show,tt14547938,37
Talk-Show,tt18573556,38
Talk-Show,tt13508876,39
Talk-Show,tt3503318,40
Talk-Show,tt3859018,41
Talk-Show,tt6380664,42
Talk-Show,tt4599906,43
Talk-Show,tt21905914,44
Talk-Show,tt4931176,45
Talk-Show,tt11121646,46
Talk-Show,tt13390456,47
Talk-Show,tt15057346,48
Talk-Show,tt12881432,49
Talk-Show,tt3027260,50
Game-Show,tt25762168,1
Game-Show,tt27642577,2
Game-Show,tt18884646,3
Game-Show,tt21103266,4
Game-Show,tt27663764,5
Game-Show,tt26253246,6
Game-Show,tt18568152,7
Game-Show,tt5821852,8
Game-Show,tt15699212,9
Game-Show,tt3828854,10
Game-Show,tt12775974,11
Game-Show,tt4473300,12
Game-Show,tt27528048,13
Game-Show,tt11805352,14
Game-Show,tt13592272,15
Game-Show,tt11286102,16
Game-Show,tt0192410,17
Game-Show,tt12861980,18
Game-Show,tt10646406,19
Game-Show,tt8821304,20
Game-Show,tt14403150,21
Game-Show,tt13398398,22
Game-Show,tt18951988,23
Game-Show,tt13068730,24
Reality-TV,tt27714117,1
Reality-TV,tt22525076,2
Reality-TV,tt14681742,3
Reality-TV,tt3655682,4
Reality-TV,tt21254218,5
Reality-TV,tt15015890,6
Reality-TV,tt26388653,7
Reality-TV,tt15270666,8
Reality-TV,tt7435012,9
Reality-TV,tt12446654,10
Reality-TV,tt15047258,11
Reality-TV,tt27353917,12
Reality-TV,tt13879398,13
Reality-TV,tt21353192,14
Reality-TV,tt6366422,15
Reality-TV,tt13381246,16
Reality-TV,tt13551506,17
Reality-TV,tt27665957,18
Reality-TV,tt12083062,19
Reality-TV,tt27454929,20
Reality-TV,tt13551480,21
Reality-TV,tt4268970,22
Reality-TV,tt8997090,23
Reality-TV,tt4449346,24
Reality-TV,tt13550848,25
Reality-TV,tt10948038,26
Reality-TV,tt8036286,27
Reality-TV,tt21240028,28
Reality-TV,tt2668670,29
Reality-TV,tt13583238,30
Reality-TV,tt6353262,31
Reality-TV,tt21881612,32
Reality-TV,tt13465770,33
Reality-TV,tt6340344,34
Reality-TV,tt19394856,35
Reality-TV,tt4712976,36
Reality-TV,tt13545226,37
Reality-TV,tt14530814,38
Reality-TV,tt22037106,39
Reality-TV,tt2162595,40
Reality-TV,tt13551440,41
Reality-TV,tt27642577,42
Reality-TV,tt8111654,43
Reality-TV,tt6332132,44
Reality-TV,tt3384176,45
Reality-TV,tt13752144,46
Reality-TV,tt13550894,47
Reality-TV,tt13550866,48
Reality-TV,tt3531586,49
Reality-TV,tt13550798,50
Adult,tt0114436,1
Adult,tt0104014,2
Adult,tt2258753,3
Adult,tt7982798,4
Adult,tt27449925,5
Adult,tt8409758,6
Adult,tt5599476,7
Adult,tt1552644,8
Adult,tt0308160,9
Adult,tt6546296,10
Adult,tt8862888,11
Adult,tt14962224,12
Adult,tt6551270,13
Adult,tt14852596,14
Adult,tt10686212,15
Adult,tt0280470,16
Adult,tt7534048,17
Adult,tt6263852,18
Adult,tt13411306,19
Adult,tt4053702,20
Adult,tt8865024,21
Adult,tt10686274,22
Adult,tt10685752,23
Adult,tt1523571,24
Adult,tt13862030,25
Adult,tt6548734,26
Adult,tt13882320,27
Adult,tt4052968,28
Adult,tt1773064,29
Adult,tt14260574,30
Adult,tt2778220,31
Adult,tt10691366,32
Adult,tt23180360,33
Adult,tt0967475,34
Adult,tt7531560,35
Adult,tt6071554,36
Adult,tt13584112,37
Adult,tt8839532,38
Adult,tt7145222,39
Adult,tt10687632,40
Adult,tt13888844,41
Adult,tt13889078,42
Adult,tt13953490,43
Adult,tt10959260,44
Adult,tt6071526,45
Adult,tt10686240,46
Adult,tt6545510,47
Adult,tt6074176,48
Adult,tt8858536,49
Adult,tt6071540,50
